step,time_s,position_plain,velocity_plain,position_encrypted,velocity_encrypted,u_plain,u_encrypted,state_error,control_error,encrypt_ms,he_dot_ms,decrypt_ms,enc_x_serialized_bytes,enc_u_serialized_bytes
0,0.000000,1.000000000000,0.000000000000,1.000000000000,0.000000000000,-18.000000000000,-18.000003081914,0.000000000000e+00,3.081913945380e-06,4.562993,3.440752,2.840033,331096,235116
1,0.050000,0.975217349164,-0.986780730230,0.975217345345,-0.986780882289,-9.166276077992,-9.166276654392,1.521066122634e-07,5.764000245989e-07,6.248725,4.313018,1.958199,333004,235082
2,0.100000,0.912755460605,-1.508479619643,0.912755448579,-1.508479795636,-3.607521523929,-3.607520917551,1.764031998989e-07,6.063777058252e-07,4.222028,4.812940,1.911963,331109,234984
3,0.150000,0.831596282271,-1.735588327936,0.831596262343,-1.735588468047,-0.216232293427,-0.216231434651,1.415202964306e-07,8.587763898893e-07,6.119304,4.630911,1.901283,331611,235119
4,0.200000,0.743635169889,-1.781199963731,0.743635144161,-1.781200055700,1.754766633713,1.754767401928,9.549959141680e-08,7.682153837507e-07,4.295395,6.018235,2.095846,331425,235107
5,0.250000,0.656083943207,-1.719646323619,0.656083913957,-1.719646372649,2.807482773035,2.807483468402,5.709210575917e-08,6.953669977605e-07,6.240740,6.560486,2.319743,331117,235144
6,0.300000,0.573091143795,-1.599184342017,0.573091113061,-1.599184352522,3.277426318835,3.277426727140,3.248000389876e-08,4.083053273263e-07,8.465637,5.181416,4.467365,331086,235062
7,0.350000,0.496829822989,-1.450616504908,0.496829792319,-1.450616491949,3.387303477910,3.387303731461,3.329612433101e-08,2.535512702018e-07,7.338206,4.370925,2.062775,331604,235025
8,0.400000,0.428223844255,-1.293135401905,0.428223814614,-1.293135373761,3.283621719601,3.283621799060,4.087385919904e-08,7.945870317272e-08,7.258007,5.581071,2.049981,331659,235035
9,0.450000,0.367429379773,-1.138275214046,0.367429351692,-1.138275179821,3.061610483481,3.061610425404,4.427055282947e-08,5.807704894778e-08,5.015487,3.943790,1.200898,331616,235071
10,0.500000,0.314151131205,-0.992573876894,0.314151104810,-0.992573843693,2.782157591915,2.782157491900,4.241462750121e-08,1.000154146169e-07,5.501022,3.870523,1.141047,331577,235081
11,0.550000,0.267847404681,-0.859358549593,0.267847379867,-0.859358519623,2.483294387274,2.483294285966,3.890981205393e-08,1.013087072010e-07,4.005334,2.947373,1.114276,331151,235056
12,0.600000,0.227860815842,-0.739936183193,0.227860792442,-0.739936156587,2.187962871988,2.187962717839,3.543268204312e-08,1.541493146462e-07,3.961333,4.096995,1.134445,331090,235047
13,0.650000,0.193499553974,-0.634381442205,0.193499531754,-0.634381421617,1.909250287204,1.909250087951,3.029193151840e-08,1.992532450146e-07,4.014692,2.948484,1.166184,331571,235091
14,0.700000,0.164086055808,-0.542052985744,0.164086034412,-0.542052973354,1.653901374281,1.653901236836,2.472513733669e-08,1.374442404334e-07,4.007529,3.634493,1.124095,331516,235133
15,0.750000,0.138984438024,-0.461927244234,0.138984417122,-0.461927236850,1.424661691551,1.424661550606,2.216832084257e-08,1.409446124256e-07,3.960661,3.007986,1.150253,331101,235105
16,0.800000,0.117614297239,-0.392810224797,0.117614276578,-0.392810222505,1.221829560484,1.221829417950,2.078763846372e-08,1.425336004779e-07,4.120038,2.967740,1.129876,331614,235152
17,0.850000,0.099455948578,-0.333468356837,0.099455927905,-0.333468359601,1.044273958712,1.044273804670,2.085709620150e-08,1.540419016788e-07,5.420822,3.112340,1.136919,331115,235101
18,0.900000,0.084050456785,-0.282706080514,0.084050435835,-0.282706088763,0.890093462250,0.890093344705,2.251473491625e-08,1.175457446934e-07,4.116652,2.971367,1.117162,331036,235084
19,0.950000,0.070996655618,-0.239408820371,0.070996634168,-0.239408832129,0.757035172032,0.757035106234,2.446087658257e-08,6.579837696918e-08,3.957626,2.950699,1.112714,331132,235045
20,1.000000,0.059946573473,-0.202563828761,0.059946551414,-0.202563841329,0.642754221953,0.642754177026,2.538752204194e-08,4.492756344732e-08,4.548717,3.799311,1.134354,331125,235054
21,1.050000,0.050600163503,-0.171267208155,0.050600140823,-0.171267220421,0.544968326268,0.544968258481,2.578435252338e-08,6.778677097419e-08,4.008801,2.950258,1.107093,331624,235070
22,1.100000,0.042699891835,-0.144722597576,0.042699868523,-0.144722610617,0.461544026366,0.461543953769,2.671185299041e-08,7.259762646594e-08,3.975830,3.713611,1.843115,331011,235172
23,1.150000,0.036025510881,-0.122235105329,0.036025486893,-0.122235119297,0.390539199442,0.390539132008,2.775836909494e-08,6.743381691932e-08,4.708866,2.987698,1.113044,331450,235069
24,1.200000,0.030389197621,-0.103202793346,0.030389172920,-0.103202807895,0.330218186261,0.330218190647,2.866738071112e-08,4.386515151111e-09,3.956604,2.945730,1.116330,331076,235121
25,1.250000,0.025631142845,-0.087107166586,0.025631117493,-0.087107178085,0.279050344762,0.279050249578,2.783871225290e-08,9.518484367366e-08,3.969958,2.975104,1.110610,331055,235102
26,1.300000,0.021615618769,-0.073503556736,0.021615592794,-0.073503570118,0.235699094411,0.235699052933,2.921956489706e-08,4.147872828542e-08,3.953709,2.972339,1.152117,331478,235135
27,1.350000,0.018227517284,-0.062011919486,0.018227490662,-0.062011931988,0.199006004509,0.199005973484,2.941176382630e-08,3.102558551737e-08,4.716410,2.985474,1.137890,331640,235112
28,1.400000,0.015369331121,-0.052308325090,0.015369303910,-0.052308336157,0.167972803083,0.167972717635,2.937584017825e-08,8.544823537626e-08,3.961543,2.963092,1.749982,331521,235071
29,1.450000,0.012958540050,-0.044117269728,0.012958512254,-0.044117282025,0.141743071798,0.141743061333,3.039463335647e-08,1.046425879281e-08,4.882820,2.959576,1.120017,331620,235134
30,1.500000,0.010925360223,-0.037204840815,0.010925331876,-0.037204850551,0.119584662908,0.119584572478,2.997237105750e-08,9.043084349403e-08,4.024490,4.211839,1.234792,331603,235082
31,1.550000,0.009210814532,-0.031372713302,0.009210785663,-0.031372724438,0.100873401481,0.100873383091,3.094265466691e-08,1.839083876853e-08,4.047423,2.941892,1.118625,331680,235016
32,1.600000,0.007765083760,-0.026452922669,0.007765054390,-0.026452931562,0.085078335008,0.085078298308,3.068661979042e-08,3.670049517068e-08,3.955341,2.951190,1.116150,331599,234876
33,1.650000,0.006546101440,-0.022303344880,0.006546071659,-0.022303352444,0.071748605564,0.071748569456,3.072683814579e-08,3.610856476322e-08,4.027235,2.957010,1.107985,331567,235113
34,1.700000,0.005518358950,-0.018803808112,0.005518328824,-0.018803814314,0.060501907855,0.060501871518,3.075709234387e-08,3.633610189124e-08,4.285887,3.629133,1.120047,331676,235087
35,1.750000,0.004651891101,-0.015852761590,0.004651860700,-0.015852766443,0.051014433691,0.051014369119,3.078668643197e-08,6.457149898109e-08,4.004353,2.957061,1.112543,331696,235159
36,1.800000,0.003921416144,-0.013364430896,0.003921385498,-0.013364435804,0.043012172026,0.043012131685,3.103630238208e-08,4.034165970723e-08,4.033887,3.517005,1.123253,330837,235095
37,1.850000,0.003305607473,-0.011266394885,0.003305576611,-0.011266398625,0.036263421997,0.036263342739,3.108789093515e-08,7.925730577396e-08,4.686764,3.270305,1.152268,331232,235076
38,1.900000,0.002786477420,-0.009497525911,0.002786446351,-0.009497530415,0.030572376691,0.030572339792,3.139310818230e-08,3.689848256799e-08,4.922994,2.976527,1.118013,331444,235058
39,1.950000,0.002348856239,-0.008006241748,0.002348824980,-0.008006244884,0.025773642553,0.025773583604,3.141624279714e-08,5.894974931808e-08,4.127011,3.190536,1.802168,331563,235070
40,2.000000,0.001979951856,-0.006749023948,0.001979920446,-0.006749026823,0.021727570151,0.021727520813,3.154094406728e-08,4.933780758942e-08,6.172102,3.881193,1.133011,331107,235096
41,2.050000,0.001668978011,-0.005689163365,0.001668946476,-0.005689165497,0.018316284411,0.018316158343,3.160676810270e-08,1.260676746988e-07,4.027306,3.313866,1.810574,331568,235205
42,2.100000,0.001406840306,-0.004795698899,0.001406808588,-0.004795704082,0.015440315140,0.015440301346,3.213864298293e-08,1.379323215714e-08,6.303207,4.517099,1.818739,331069,235118
43,2.150000,0.001185871216,-0.004042520323,0.001185839304,-0.004042522915,0.013015740846,0.013015679536,3.201735397948e-08,6.131050199823e-08,6.350104,4.395291,1.806627,331708,235122
44,2.200000,0.000999606483,-0.003407610230,0.000999574446,-0.003407612628,0.010971770256,0.010971688877,3.212664659454e-08,8.137964913058e-08,4.796109,2.949026,1.118314,331422,234724
45,2.250000,0.000842596466,-0.002872403834,0.000842564289,-0.002872407021,0.009248696212,0.009248689825,3.233421284220e-08,6.387305717323e-09,3.968997,3.162504,1.115499,330288,235036
46,2.300000,0.000710247011,-0.002421248473,0.000710214749,-0.002421248713,0.007796165823,0.007796092178,3.226308535997e-08,7.364492864495e-08,4.000195,4.118566,1.795446,331542,235142
47,2.350000,0.000598685247,-0.002040947440,0.000598652961,-0.002040948124,0.006571718804,0.006571655907,3.229259065356e-08,6.289632834867e-08,6.063400,4.065556,1.138452,331638,235071
48,2.400000,0.000504646396,-0.001720375074,0.000504614079,-0.001720375656,0.005539552996,0.005539478366,3.232226537774e-08,7.462978453016e-08,3.962294,2.982338,1.113585,331458,235069
49,2.450000,0.000425378340,-0.001450152030,0.000425345982,-0.001450153090,0.004669482131,0.004669411784,3.237550378737e-08,7.034674612705e-08,3.980508,2.995702,1.127001,331230,235024
50,2.500000,0.000358561143,-0.001222371383,0.000358528726,-0.001222372692,0.003936056173,0.003935974941,3.244384141516e-08,8.123206504240e-08,4.054887,3.973315,1.161074,331465,235024
51,2.550000,0.000302239203,-0.001030367613,0.000302206701,-0.001030369695,0.003317819058,0.003317791163,3.256897481917e-08,2.789468259417e-08,4.035020,3.001504,1.198363,331190,235113
52,2.600000,0.000254764046,-0.000868521803,0.000254731487,-0.000868521998,0.002796682489,0.002796628993,3.255967600548e-08,5.349630382602e-08,4.033316,3.638330,1.577310,330504,235034
53,2.650000,0.000214746105,-0.000732097367,0.000214713550,-0.000732096983,0.002357397730,0.002357318865,3.255657352287e-08,7.886560225148e-08,4.851582,3.158135,1.142099,331584,235160
54,2.700000,0.000181014057,-0.000617101545,0.000180981504,-0.000617101851,0.001987110115,0.001987079899,3.255386086136e-08,3.021626842660e-08,3.977012,2.952723,1.115809,331168,235114
55,2.750000,0.000152580553,-0.000520168626,0.000152548029,-0.000520167202,0.001674983367,0.001674880031,3.255543440027e-08,1.033367657889e-07,4.089321,2.963753,1.198053,331205,235101
56,2.800000,0.000128613325,-0.000438461490,0.000128580824,-0.000438461994,0.001411882808,0.001411828043,3.250534467847e-08,5.476541057366e-08,3.987010,2.963924,1.124275,330993,235067
57,2.850000,0.000108410830,-0.000369588610,0.000108378316,-0.000369588595,0.001190108248,0.001190016645,3.251360768122e-08,9.160269087011e-08,4.050970,3.733969,1.135506,331108,235063
58,2.900000,0.000091381715,-0.000311534076,0.000091349169,-0.000311535373,0.001003168776,0.001003150446,3.257159507739e-08,1.832966833220e-08,3.978745,2.959044,1.127151,331545,235169
59,2.950000,0.000077027515,-0.000262598607,0.000076994963,-0.000262597561,0.000845592894,0.000845552120,3.256860481244e-08,4.077408370055e-08,3.956293,2.949787,1.194125,331143,235113
60,3.000000,0.000064928060,-0.000221349825,0.000064895590,-0.000221347607,0.000712768440,0.000712650980,3.254571437068e-08,1.174604997705e-07,4.032816,3.742535,1.160923,331104,235141
61,3.050000,0.000054729178,-0.000186580336,0.000054696753,-0.000186580769,0.000600807647,0.000600703083,3.242859639205e-08,1.045647664748e-07,3.996077,2.959215,1.110209,331034,235064
62,3.100000,0.000046132331,-0.000157272393,0.000046099835,-0.000157274774,0.000506433379,0.000506382460,3.258342556858e-08,5.091872328335e-08,3.989996,3.407791,1.463538,331130,235103
63,3.150000,0.000038885873,-0.000132568111,0.000038853276,-0.000132569733,0.000426883231,0.000426837569,3.263668550945e-08,4.566149646010e-08,4.752287,2.977659,1.111782,331872,235042
64,3.200000,0.000032777685,-0.000111744356,0.000032745033,-0.000111744970,0.000359828690,0.000359778140,3.265796252758e-08,5.055003523689e-08,3.959940,2.948826,1.141187,331315,235102
65,3.250000,0.000027628970,-0.000094191582,0.000027596306,-0.000094191452,0.000303306988,0.000303241175,3.266447578823e-08,6.581314241510e-08,3.979597,4.182847,1.910230,331551,235050
66,3.300000,0.000023289014,-0.000079395989,0.000023256355,-0.000079395886,0.000255663654,0.000255539849,3.265855640739e-08,1.238054928466e-07,6.112892,3.540498,1.592478,331651,235113
67,3.350000,0.000019630777,-0.000066924480,0.000019598051,-0.000066927266,0.000215504094,0.000215450999,3.284416369450e-08,5.309532484114e-08,4.595083,2.964845,1.183806,331658,235105
68,3.400000,0.000016547176,-0.000056411992,0.000016514328,-0.000056414092,0.000181652770,0.000181587929,3.291503788119e-08,6.484116457585e-08,4.002660,2.942995,1.111942,333229,235056
69,3.450000,0.000013947946,-0.000047550802,0.000013914995,-0.000047552803,0.000153118792,0.000153107143,3.301124805619e-08,1.164955413055e-08,3.968466,2.992567,1.115849,331168,235128
70,3.500000,0.000011757003,-0.000040081526,0.000011724021,-0.000040080796,0.000129066919,0.000128989851,3.299011500456e-08,7.706732157997e-08,4.016696,3.751761,1.132972,331040,235147
71,3.550000,0.000009910213,-0.000033785522,0.000009877253,-0.000033785360,0.000108793105,0.000108691742,3.296019988595e-08,1.013630875193e-07,3.995967,2.969754,1.155394,331522,235120
72,3.600000,0.000008353517,-0.000028478494,0.000008320521,-0.000028480085,0.000091703895,0.000091693284,3.303406623360e-08,1.061177233409e-08,3.993453,3.731023,1.769007,331114,235079
73,3.650000,0.000007041346,-0.000024005093,0.000007008341,-0.000024003909,0.000077299055,0.000077249909,3.302685323056e-08,4.914571058368e-08,4.156055,2.978470,1.125558,330996,235073
74,3.700000,0.000005935292,-0.000020234374,0.000005902365,-0.000020232389,0.000065156924,0.000065088697,3.298601358225e-08,6.822694331021e-08,3.995917,2.952001,1.117934,331544,234740
75,3.750000,0.000005002976,-0.000017055958,0.000004970145,-0.000017054145,0.000054922078,0.000054844616,3.288134249459e-08,7.746158300244e-08,3.959679,2.942814,1.157167,331166,235067
76,3.800000,0.000004217109,-0.000014376809,0.000004184352,-0.000014375627,0.000046294920,0.000046187282,3.277776763531e-08,1.076378930473e-07,3.974217,2.956270,1.113254,331655,235148
77,3.850000,0.000003554685,-0.000012118500,0.000003521935,-0.000012119428,0.000039022915,0.000038976510,3.276348327000e-08,4.640488758549e-08,3.961994,3.860815,1.831794,331443,235102
78,3.900000,0.000002996315,-0.000010214926,0.000002963543,-0.000010214887,0.000032893196,0.000032810671,3.277249538833e-08,8.252512340484e-08,3.982232,3.048822,1.130307,331014,235097
79,3.950000,0.000002525654,-0.000008610365,0.000002492862,-0.000008611165,0.000027726333,0.000027670040,3.280134848254e-08,5.629303361070e-08,4.048976,2.953815,1.182654,330530,235033
80,4.000000,0.000002128924,-0.000007257849,0.000002096105,-0.000007258169,0.000023371081,0.000023313014,3.282110757563e-08,5.806616291140e-08,4.027836,3.783151,1.753678,331625,235070
81,4.050000,0.000001794513,-0.000006117786,0.000001761687,-0.000006117723,0.000019699951,0.000019671046,3.282600554195e-08,2.890533913694e-08,5.876301,6.288179,2.612297,331194,235067
82,4.100000,0.000001512631,-0.000005156804,0.000001479853,-0.000005154930,0.000016605483,0.000016478878,3.283084745263e-08,1.266045596664e-07,8.018994,4.555370,2.169993,331612,235149
83,4.150000,0.000001275027,-0.000004346773,0.000001242266,-0.000004347962,0.000013997093,0.000013969364,3.278210237839e-08,2.772931780745e-08,6.821532,4.612677,1.792680,331610,235106
84,4.200000,0.000001074745,-0.000003663982,0.000001041973,-0.000003663274,0.000011798430,0.000011753679,3.278001083189e-08,4.475110063063e-08,6.419564,4.540582,1.813119,331230,235122
85,4.250000,0.000000905924,-0.000003088444,0.000000873213,-0.000003086729,0.000009945132,0.000009893019,3.275658310052e-08,5.211332136302e-08,6.090851,4.383930,1.217529,331551,235088
86,4.300000,0.000000763622,-0.000002603311,0.000000731011,-0.000002600986,0.000008382951,0.000008282568,3.269335322496e-08,1.003827333698e-07,4.011286,3.657026,1.829810,331638,235076
87,4.350000,0.000000643672,-0.000002194383,0.000000611133,-0.000002193856,0.000007066157,0.000006947278,3.254374454993e-08,1.188786347501e-07,6.398595,2.989921,1.124576,331137,235117
88,4.400000,0.000000542564,-0.000001849689,0.000000509984,-0.000001851831,0.000005956205,0.000005899285,3.265050625422e-08,5.691919086483e-08,4.004082,2.990133,1.131769,331192,235106
89,4.450000,0.000000457338,-0.000001559140,0.000000424662,-0.000001560817,0.000005020604,0.000004897770,3.271866164146e-08,1.228339902965e-07,3.966252,2.941262,1.131288,331498,235063
90,4.500000,0.000000385499,-0.000001314230,0.000000352670,-0.000001318698,0.000004231967,0.000004201085,3.313225952163e-08,3.088226079026e-08,4.024540,3.744519,1.155934,331700,235139
91,4.550000,0.000000324945,-0.000001107791,0.000000291938,-0.000001110422,0.000003567210,0.000003522961,3.311164926463e-08,4.424918557223e-08,3.984956,2.953293,1.210146,330970,234852
92,4.600000,0.000000273903,-0.000000933779,0.000000240793,-0.000000935264,0.000003006872,0.000002936502,3.314311190973e-08,7.037053036907e-08,3.974697,3.999964,1.907154,331600,235161
93,4.650000,0.000000230878,-0.000000787101,0.000000197690,-0.000000788751,0.000002534553,0.000002439496,3.322923016428e-08,9.505669938184e-08,10.505668,9.628554,3.281786,331372,235030
94,4.700000,0.000000194612,-0.000000663463,0.000000161307,-0.000000666483,0.000002136425,0.000002116694,3.344184922232e-08,1.973145636261e-08,15.561631,14.993593,1.945636,331585,235101
95,4.750000,0.000000164042,-0.000000559246,0.000000130646,-0.000000559872,0.000001800836,0.000001764029,3.340196629063e-08,3.680660739274e-08,7.033375,4.446137,1.825732,331604,235072
96,4.800000,0.000000138274,-0.000000471400,0.000000104885,-0.000000470529,0.000001517960,0.000001453418,3.340117024143e-08,6.454273165636e-08,7.786431,3.121758,1.290648,331367,235143
97,4.850000,0.000000116554,-0.000000397352,0.000000083210,-0.000000396395,0.000001279519,0.000001210124,3.335780912282e-08,6.939545342574e-08,4.082416,2.998679,1.132431,331242,235107
98,4.900000,0.000000098246,-0.000000334936,0.000000064946,-0.000000334138,0.000001078532,0.000001008698,3.330971468138e-08,6.983435358732e-08,3.982291,2.968312,1.788072,330772,234948
99,4.950000,0.000000082813,-0.000000282324,0.000000049549,-0.000000281707,0.000000909116,0.000000822172,3.327049033391e-08,8.694476478549e-08,4.007057,2.962291,1.159921,331531,235045
