step,time_s,sensor_position,sensor_velocity,u_from_encrypted_controller,u_plain_validation,control_error,next_position,next_velocity,state_change_norm,encrypt_ms,he_dot_ms,decrypt_ms,enc_x_serialized_bytes,enc_u_serialized_bytes
0,0.000000,1.000000000000,0.000000000000,-18.000003081914,-18.000000000000,3.081913945380e-06,0.975217345345,-0.986780882289,9.870920370577e-01,4.562993,3.440752,2.840033,331096,235116
1,0.050000,0.975217345345,-0.986780882289,-9.166276654392,-9.166274716753,1.937638868910e-06,0.912755448579,-1.508479795636,5.254248231052e-01,6.248725,4.313018,1.958199,333004,235082
2,0.100000,0.912755448579,-1.508479795636,-3.607520917551,-3.607519811520,1.106030797171e-06,0.831596262343,-1.735588468047,2.411745479824e-01,4.222028,4.812940,1.911963,331109,234984
3,0.150000,0.831596262343,-1.735588468047,-0.216231434651,-0.216230743783,6.908681703388e-07,0.743635144161,-1.781200055700,9.908367797000e-02,6.119304,4.630911,1.901283,331611,235119
4,0.200000,0.743635144161,-1.781200055700,1.754767401928,1.754767878544,4.766163881342e-07,0.656083913957,-1.719646372649,1.070237067543e-01,4.295395,6.018235,2.095846,331425,235107
5,0.250000,0.656083913957,-1.719646372649,2.807483468402,2.807483716285,2.478829639330e-07,0.573091113061,-1.599184352522,1.462836398707e-01,6.240740,6.560486,2.319743,331117,235144
6,0.300000,0.573091113061,-1.599184352522,3.277426727140,3.277426961343,2.342022629165e-07,0.496829792319,-1.450616491949,1.669975994931e-01,8.465637,5.181416,4.467365,331086,235062
7,0.350000,0.496829792319,-1.450616491949,3.387303731461,3.387303919830,1.883683506954e-07,0.428223814614,-1.293135373761,1.717762578544e-01,7.338206,4.370925,2.062775,331604,235025
8,0.400000,0.428223814614,-1.293135373761,3.283621799060,3.283622013918,2.148585083184e-07,0.367429351692,-1.138275179821,1.663660013021e-01,7.258007,5.581071,2.049981,331659,235035
9,0.450000,0.367429351692,-1.138275179821,3.061610425404,3.061610698018,2.726140371223e-07,0.314151104810,-0.992573843693,1.551368780799e-01,5.015487,3.943790,1.200898,331616,235071
10,0.500000,0.314151104810,-0.992573843693,2.782157491900,2.782157784801,2.929008120489e-07,0.267847379867,-0.859358519623,1.410331787583e-01,5.501022,3.870523,1.141047,331577,235081
11,0.550000,0.267847379867,-0.859358519623,2.483294285966,2.483294579194,2.932286147228e-07,0.227860792442,-0.739936156587,1.259389850960e-01,4.005334,2.947373,1.114276,331151,235056
12,0.600000,0.227860792442,-0.739936156587,2.187962717839,2.187963067033,3.491945372858e-07,0.193499531754,-0.634381421617,1.110067489415e-01,3.961333,4.096995,1.134445,331090,235047
13,0.650000,0.193499531754,-0.634381421617,1.909250087951,1.909250512174,4.242233520024e-07,0.164086034412,-0.542052973354,9.690044470796e-02,4.014692,2.948484,1.166184,331571,235091
14,0.700000,0.164086034412,-0.542052973354,1.653901236836,1.653901654096,4.172595997609e-07,0.138984417122,-0.461927236850,8.396561701600e-02,4.007529,3.634493,1.124095,331516,235133
15,0.750000,0.138984417122,-0.461927236850,1.424661550606,1.424662005027,4.544213014768e-07,0.117614276578,-0.392810222505,7.234531483655e-02,3.960661,3.007986,1.150253,331101,235105
16,0.800000,0.117614276578,-0.392810222505,1.221829417950,1.221829912895,4.949450493896e-07,0.099455927905,-0.333468359601,6.205789490065e-02,4.120038,2.967740,1.129876,331614,235152
17,0.850000,0.099455927905,-0.333468359601,1.044273804670,1.044274354320,5.496504276170e-07,0.084050435835,-0.282706088763,5.304844320478e-02,5.420822,3.112340,1.136919,331115,235101
18,0.900000,0.084050435835,-0.282706088763,0.890093344705,0.890093909452,5.647470195935e-07,0.070996634168,-0.239408832129,4.522227515333e-02,4.116652,2.971367,1.117162,331036,235084
19,0.950000,0.070996634168,-0.239408832129,0.757035106234,0.757035658069,5.518344570188e-07,0.059946551414,-0.202563841329,3.846631872091e-02,3.957626,2.950699,1.112714,331132,235045
20,1.000000,0.059946551414,-0.202563841329,0.642754177026,0.642754725832,5.488062708725e-07,0.050600140823,-0.171267220421,3.266242292206e-02,4.548717,3.799311,1.134354,331125,235054
21,1.050000,0.050600140823,-0.171267220421,0.544968258481,0.544968838766,5.802850983061e-07,0.042699868523,-0.144722610617,2.769531751241e-02,4.008801,2.950258,1.107093,331624,235070
22,1.100000,0.042699868523,-0.144722610617,0.461543953769,0.461544556834,6.030655257394e-07,0.036025486893,-0.122235119297,2.345708072206e-02,3.975830,3.713611,1.843115,331011,235172
23,1.150000,0.036025486893,-0.122235119297,0.390539132008,0.390539749954,6.179454727362e-07,0.030389172920,-0.103202807895,1.984935546840e-02,4.708866,2.987698,1.113044,331450,235069
24,1.200000,0.030389172920,-0.103202807895,0.330218190647,0.330218754548,5.639009792446e-07,0.025631117493,-0.087107178085,1.678417082869e-02,3.956604,2.945730,1.116330,331076,235121
25,1.250000,0.025631117493,-0.087107178085,0.279050249578,0.279050898855,6.492778516498e-07,0.021615592794,-0.073503570118,1.418388481053e-02,3.969958,2.975104,1.110610,331055,235102
26,1.300000,0.021615592794,-0.073503570118,0.235699052933,0.235699675710,6.227771615630e-07,0.018227490662,-0.062011931988,1.198069209095e-02,3.953709,2.972339,1.152117,331478,235135
27,1.350000,0.018227490662,-0.062011931988,0.199005973484,0.199006589979,6.164956813659e-07,0.015369303910,-0.052308336157,1.011577992875e-02,4.716410,2.985474,1.137890,331640,235112
28,1.400000,0.015369303910,-0.052308336157,0.167972717635,0.167973386958,6.693227653232e-07,0.012958512254,-0.044117282025,8.538459123105e-03,3.961543,2.963092,1.749982,331521,235071
29,1.450000,0.012958512254,-0.044117282025,0.141743061333,0.141743676650,6.153166386969e-07,0.010925331876,-0.037204850551,7.205243321887e-03,4.882820,2.959576,1.120017,331620,235134
30,1.500000,0.010925331876,-0.037204850551,0.119584572478,0.119585255912,6.834341354650e-07,0.009210785663,-0.031372724438,6.078927842448e-03,4.024490,4.211839,1.234792,331603,235082
31,1.550000,0.009210785663,-0.031372724438,0.100873383091,0.100874015786,6.326955542257e-07,0.007765054390,-0.026452931562,5.127816383842e-03,4.047423,2.941892,1.118625,331680,235016
32,1.600000,0.007765054390,-0.026452931562,0.085078298308,0.085078939255,6.409467082913e-07,0.006546071659,-0.022303352444,4.324919160950e-03,3.955341,2.951190,1.116150,331599,234876
33,1.650000,0.006546071659,-0.022303352444,0.071748569456,0.071749205922,6.364661959551e-07,0.005518328824,-0.018803814314,3.647330868177e-03,4.027235,2.957010,1.107985,331567,235113
34,1.700000,0.005518328824,-0.018803814314,0.060501871518,0.060502502825,6.313067413416e-07,0.004651860700,-0.015852766443,3.075621976589e-03,4.285887,3.629133,1.120047,331676,235087
35,1.750000,0.004651860700,-0.015852766443,0.051014369119,0.051015022175,6.530559744644e-07,0.003921385498,-0.013364435804,2.593334415664e-03,4.004353,2.957061,1.112543,331696,235159
36,1.800000,0.003921385498,-0.013364435804,0.043012131685,0.043012765365,6.336807462509e-07,0.003305576611,-0.011266398625,2.186545354753e-03,4.033887,3.517005,1.123253,330837,235095
37,1.850000,0.003305576611,-0.011266398625,0.036263342739,0.036264009308,6.665689601254e-07,0.002786446351,-0.009497530415,1.843472530757e-03,4.686764,3.270305,1.152268,331232,235076
38,1.900000,0.002786446351,-0.009497530415,0.030572339792,0.030572974205,6.344132026728e-07,0.002348824980,-0.008006244884,1.554170196224e-03,4.922994,2.976527,1.118013,331444,235058
39,1.950000,0.002348824980,-0.008006244884,0.025773583604,0.025774231882,6.482779023806e-07,0.001979920446,-0.006749026823,1.310224334938e-03,4.127011,3.190536,1.802168,331563,235070
40,2.000000,0.001979920446,-0.006749026823,0.021727520813,0.021728159965,6.391515254209e-07,0.001668946476,-0.005689165497,1.104541009302e-03,6.172102,3.881193,1.133011,331107,235096
41,2.050000,0.001668946476,-0.005689165497,0.018316158343,0.018316870160,7.118169721744e-07,0.001406808588,-0.004795704082,9.311227486379e-04,4.027306,3.313866,1.810574,331568,235205
42,2.100000,0.001406808588,-0.004795704082,0.015440301346,0.015440930116,6.287695131259e-07,0.001185839304,-0.004042522915,7.849262985337e-04,6.303207,4.517099,1.818739,331069,235118
43,2.150000,0.001185839304,-0.004042522915,0.013015679536,0.013016337303,6.577669651418e-07,0.000999574446,-0.003407612628,6.616688516934e-04,6.350104,4.395291,1.806627,331708,235122
44,2.200000,0.000999574446,-0.003407612628,0.010971688877,0.010972367306,6.784299326733e-07,0.000842564289,-0.002872407021,5.577609089654e-04,4.796109,2.949026,1.118314,331422,234724
45,2.250000,0.000842564289,-0.002872407021,0.009248689825,0.009249302482,6.126576327595e-07,0.000710214749,-0.002421248713,4.701704155173e-04,3.968997,3.162504,1.115499,330288,235036
46,2.300000,0.000710214749,-0.002421248713,0.007796092178,0.007796748585,6.564072268130e-07,0.000598652961,-0.002040948124,3.963263435808e-04,4.000195,4.118566,1.795446,331542,235142
47,2.350000,0.000598652961,-0.002040948124,0.006571655907,0.006572305753,6.498450323168e-07,0.000504614079,-0.001720375656,3.340808559789e-04,6.063400,4.065556,1.138452,331638,235071
48,2.400000,0.000504614079,-0.001720375656,0.005539478366,0.005540139655,6.612884436924e-07,0.000425345982,-0.001450153090,2.816090665397e-04,3.962294,2.982338,1.113585,331458,235069
49,2.450000,0.000425345982,-0.001450153090,0.004669411784,0.004670073587,6.618033875101e-07,0.000358528726,-0.001222372692,2.373782965664e-04,3.980508,2.995702,1.127001,331230,235024
50,2.500000,0.000358528726,-0.001222372692,0.003935974941,0.003936650813,6.758723874976e-07,0.000302206701,-0.001030369695,2.000932812958e-04,4.054887,3.973315,1.161074,331465,235024
51,2.550000,0.000302206701,-0.001030369695,0.003317791163,0.003318421801,6.306379135585e-07,0.000254731487,-0.000868521998,1.686670481848e-04,4.035020,3.001504,1.198363,331190,235113
52,2.600000,0.000254731487,-0.000868521998,0.002796628993,0.002797270211,6.412175038023e-07,0.000214713550,-0.000732096983,1.421732038807e-04,4.033316,3.638330,1.577310,330504,235034
53,2.650000,0.000214713550,-0.000732096983,0.002357318865,0.002357980446,6.615817640539e-07,0.000180981504,-0.000617101851,1.198404415235e-04,4.851582,3.158135,1.142099,331584,235160
54,2.700000,0.000180981504,-0.000617101851,0.001987079899,0.001987698655,6.187564726397e-07,0.000152548029,-0.000520167202,1.010187541717e-04,3.977012,2.952723,1.115809,331168,235114
55,2.750000,0.000152548029,-0.000520167202,0.001674880031,0.001675556699,6.766679633632e-07,0.000128580824,-0.000438461994,8.514791781307e-05,4.089321,2.963753,1.198053,331205,235101
56,2.800000,0.000128580824,-0.000438461994,0.001411828043,0.001412472115,6.440718041964e-07,0.000108378316,-0.000369588595,7.177524888284e-05,3.987010,2.963924,1.124275,330993,235067
57,2.850000,0.000108378316,-0.000369588595,0.001190016645,0.001190693363,6.767183570696e-07,0.000091349169,-0.000311535373,6.049932625978e-05,4.050970,3.733969,1.135506,331108,235063
58,2.900000,0.000091349169,-0.000311535373,0.001003150446,0.001003765620,6.151733660639e-07,0.000076994963,-0.000262597561,5.099953539600e-05,3.978745,2.959044,1.127151,331545,235169
59,2.950000,0.000076994963,-0.000262597561,0.000845552120,0.000846169936,6.178158926799e-07,0.000064895590,-0.000221347607,4.298783018936e-05,3.956293,2.949787,1.194125,331143,235113
60,3.000000,0.000064895590,-0.000221347607,0.000712650980,0.000713334049,6.830687339337e-07,0.000054696753,-0.000186580769,3.623188228789e-05,4.032816,3.742535,1.160923,331104,235141
61,3.050000,0.000054696753,-0.000186580769,0.000600703083,0.000601394995,6.919125667031e-07,0.000046099835,-0.000157274774,3.054092935315e-05,3.996077,2.959215,1.110209,331034,235064
62,3.100000,0.000046099835,-0.000157274774,0.000506382460,0.000507038552,6.560923683134e-07,0.000038853276,-0.000132569733,2.574590598570e-05,3.989996,3.407791,1.463538,331130,235103
63,3.150000,0.000038853276,-0.000132569733,0.000426837569,0.000427483753,6.461841826511e-07,0.000032745033,-0.000111744970,2.170210502344e-05,4.752287,2.977659,1.111782,331872,235042
64,3.200000,0.000032745033,-0.000111744970,0.000359778140,0.000360421652,6.435123896644e-07,0.000027596306,-0.000094191452,1.829304227048e-05,3.959940,2.948826,1.141187,331315,235102
65,3.250000,0.000027596306,-0.000094191452,0.000303241175,0.000303893837,6.526626417678e-07,0.000023256355,-0.000079395886,1.541894777438e-05,3.979597,4.182847,1.910230,331551,235050
66,3.300000,0.000023256355,-0.000079395886,0.000255539849,0.000256250632,7.107835186572e-07,0.000019598051,-0.000066927266,1.299421686162e-05,6.112892,3.540498,1.592478,331651,235113
67,3.350000,0.000019598051,-0.000066927266,0.000215450999,0.000216116838,6.658394837370e-07,0.000016514328,-0.000056414092,1.095610207041e-05,4.595083,2.964845,1.183806,331658,235105
68,3.400000,0.000016514328,-0.000056414092,0.000181587929,0.000182261888,6.739589935448e-07,0.000013914995,-0.000047552803,9.234661378868e-06,4.002660,2.942995,1.111942,333229,235056
69,3.450000,0.000013914995,-0.000047552803,0.000153107143,0.000153728913,6.217706691478e-07,0.000011724021,-0.000040080796,7.786607770665e-06,3.968466,2.992567,1.115849,331168,235128
70,3.500000,0.000011724021,-0.000040080796,0.000128989851,0.000129654393,6.645418984642e-07,0.000009877253,-0.000033785360,6.560721347736e-06,4.016696,3.751761,1.132972,331040,235147
71,3.550000,0.000009877253,-0.000033785360,0.000108691742,0.000109385004,6.932621605198e-07,0.000008320521,-0.000028480085,5.528956413197e-06,3.995967,2.969754,1.155394,331522,235120
72,3.600000,0.000008320521,-0.000028480085,0.000091693284,0.000092311343,6.180592255389e-07,0.000007008341,-0.000024003909,4.664544215315e-06,3.993453,3.731023,1.769007,331114,235079
73,3.650000,0.000007008341,-0.000024003909,0.000077249909,0.000077883088,6.331786310381e-07,0.000005902365,-0.000020232389,3.930335912415e-06,4.156055,2.978470,1.125558,330996,235073
74,3.700000,0.000005902365,-0.000020232389,0.000065088697,0.000065732729,6.440319966933e-07,0.000004970145,-0.000017054145,3.312139922057e-06,3.995917,2.952001,1.117934,331544,234740
75,3.750000,0.000004970145,-0.000017054145,0.000054844616,0.000055497627,6.530109137589e-07,0.000004184352,-0.000014375627,2.791403083527e-06,3.959679,2.942814,1.157167,331166,235067
76,3.800000,0.000004184352,-0.000014375627,0.000046187282,0.000046874488,6.872066285799e-07,0.000003521935,-0.000012119428,2.351431208146e-06,3.974217,2.956270,1.113254,331655,235148
77,3.850000,0.000003521935,-0.000012119428,0.000038976510,0.000039620312,6.438026454672e-07,0.000002963543,-0.000010214887,1.984711409026e-06,3.961994,3.860815,1.831794,331443,235102
78,3.900000,0.000002963543,-0.000010214887,0.000032810671,0.000033482770,6.720988659888e-07,0.000002492862,-0.000008611165,1.671365726039e-06,3.982232,3.048822,1.130307,331014,235097
79,3.950000,0.000002492862,-0.000008611165,0.000027670040,0.000028323381,6.533411076165e-07,0.000002096105,-0.000007258169,1.409970095710e-06,4.048976,2.953815,1.182654,330530,235033
80,4.000000,0.000002096105,-0.000007258169,0.000023313014,0.000023964551,6.515367355093e-07,0.000001761687,-0.000006117723,1.188465721275e-06,4.027836,3.783151,1.753678,331625,235070
81,4.050000,0.000001761687,-0.000006117723,0.000019671046,0.000020290287,6.192413003004e-07,0.000001479853,-0.000005154930,1.003195344245e-06,5.876301,6.288179,2.612297,331194,235067
82,4.100000,0.000001479853,-0.000005154930,0.000016478878,0.000017179547,7.006690054952e-07,0.000001242266,-0.000004347962,8.412162470086e-07,8.018994,4.555370,2.169993,331612,235149
83,4.150000,0.000001242266,-0.000004347962,0.000013969364,0.000014596891,6.275269116205e-07,0.000001041973,-0.000003663274,7.133828376671e-07,6.821532,4.612677,1.792680,331610,235106
84,4.200000,0.000001041973,-0.000003663274,0.000011753679,0.000012382317,6.286383179686e-07,0.000000873213,-0.000003086729,6.007364386526e-07,6.419564,4.540582,1.813119,331230,235122
85,4.250000,0.000000873213,-0.000003086729,0.000009893019,0.000010519370,6.263510704583e-07,0.000000731011,-0.000002600986,5.061298990948e-07,6.090851,4.383930,1.217529,331551,235088
86,4.300000,0.000000731011,-0.000002600986,0.000008282568,0.000008950183,6.676146438590e-07,0.000000611133,-0.000002193856,4.244123579378e-07,4.011286,3.657026,1.829810,331638,235076
87,4.350000,0.000000611133,-0.000002193856,0.000006947278,0.000007647391,7.001128437442e-07,0.000000509984,-0.000001851831,3.566680915099e-07,6.398595,2.989921,1.124576,331137,235117
88,4.400000,0.000000509984,-0.000001851831,0.000005899285,0.000006560855,6.615697824546e-07,0.000000424662,-0.000001560817,3.032636917142e-07,4.004082,2.990133,1.131769,331192,235106
89,4.450000,0.000000424662,-0.000001560817,0.000004897770,0.000005623023,7.252526716032e-07,0.000000352670,-0.000001318698,2.525957344584e-07,3.966252,2.941262,1.131288,331498,235063
90,4.500000,0.000000352670,-0.000001318698,0.000004201085,0.000004860878,6.597928379921e-07,0.000000291938,-0.000001110422,2.169502396370e-07,4.024540,3.744519,1.155934,331700,235139
91,4.550000,0.000000291938,-0.000001110422,0.000003522961,0.000004183697,6.607362175257e-07,0.000000240793,-0.000000935264,1.824714618550e-07,3.984956,2.953293,1.210146,330970,234852
92,4.600000,0.000000240793,-0.000000935264,0.000002936502,0.000003615476,6.789736886125e-07,0.000000197690,-0.000000788751,1.527222859581e-07,3.974697,3.999964,1.907154,331600,235161
93,4.650000,0.000000197690,-0.000000788751,0.000002439496,0.000003145966,7.064697438212e-07,0.000000161307,-0.000000666483,1.275660756174e-07,10.505668,9.628554,3.281786,331372,235030
94,4.700000,0.000000161307,-0.000000666483,0.000002116694,0.000002761591,6.448967555349e-07,0.000000130646,-0.000000559872,1.109330240836e-07,15.561631,14.993593,1.945636,331585,235101
95,4.750000,0.000000130646,-0.000000559872,0.000001764029,0.000002407280,6.432514706461e-07,0.000000104885,-0.000000470529,9.298278743355e-08,7.033375,4.446137,1.825732,331604,235072
96,4.800000,0.000000104885,-0.000000470529,0.000001453418,0.000002111572,6.581543820402e-07,0.000000083210,-0.000000396395,7.723769999242e-08,7.786431,3.121758,1.290648,331367,235143
97,4.850000,0.000000083210,-0.000000396395,0.000001210124,0.000001871570,6.614464473115e-07,0.000000064946,-0.000000334138,6.488040280854e-08,4.082416,2.998679,1.132431,331242,235107
98,4.900000,0.000000064946,-0.000000334138,0.000001008698,0.000001671149,6.624514869872e-07,0.000000049549,-0.000000281707,5.464461560334e-08,3.982291,2.968312,1.788072,330772,234948
99,4.950000,0.000000049549,-0.000000281707,0.000000822172,0.000001502637,6.804655799972e-07,0.000000036545,-0.000000238384,4.523284128411e-08,4.007057,2.962291,1.159921,331531,235045
